{
  "epoch": [
    0,
    1,
    2,
    3,
    4,
    5,
    6,
    7,
    8,
    9,
    10,
    11,
    12,
    13,
    14,
    15,
    16,
    17,
    18,
    19,
    20,
    21,
    22,
    23,
    24,
    25,
    26,
    27,
    28,
    29,
    30,
    31,
    32,
    33
  ],
  "loss": [
    0.03602831810712814,
    0.03045419231057167,
    0.026541050523519516,
    0.027143241837620735,
    0.02503928914666176,
    0.022486448287963867,
    0.02269403077661991,
    0.02037946507334709,
    0.02069895900785923,
    0.019740823656320572,
    0.020092615857720375,
    0.01830805465579033,
    0.019530680030584335,
    0.01829572021961212,
    0.01909596659243107,
    0.01717713102698326,
    0.017421092838048935,
    0.018173526972532272,
    0.016566038131713867,
    0.01808321662247181,
    0.01648586615920067,
    0.01601368747651577,
    0.016233619302511215,
    0.015265598893165588,
    0.01490673515945673,
    0.015483145602047443,
    0.015314697287976742,
    0.014630692079663277,
    0.01377774402499199,
    0.014593896456062794,
    0.015079998411238194,
    0.015618263743817806,
    0.0161424670368433,
    0.01530913170427084
  ],
  "val_loss": [
    0.027665065601468086,
    0.024247804656624794,
    0.021628521382808685,
    0.01883954368531704,
    0.016625290736556053,
    0.014673758298158646,
    0.01329170260578394,
    0.012399147264659405,
    0.011533188633620739,
    0.01092023216187954,
    0.010462811216711998,
    0.010087080299854279,
    0.01000178512185812,
    0.009860116988420486,
    0.009760151617228985,
    0.009879065677523613,
    0.009929894469678402,
    0.009825896471738815,
    0.00956877414137125,
    0.00984637625515461,
    0.009608921594917774,
    0.0097678666934371,
    0.00952333677560091,
    0.009486231952905655,
    0.009604844264686108,
    0.00983131118118763,
    0.009885316714644432,
    0.010041757486760616,
    0.010169494897127151,
    0.010346987284719944,
    0.010454313829541206,
    0.010749831795692444,
    0.01102770771831274,
    0.011096186004579067
  ]
}